0	资讯
1	防务观察
2	中东
3	惊悚片
4	浙江卫视
5	日语
6	政治
7	文化
8	竞赛
9	现代
10	国内
11	警察局
12	韩语
13	启蒙
14	欧美
15	犯罪片
16	急救知识
17	动画
18	墨西哥
19	励志
20	绝望
21	日漫
22	健康喂养
23	单曲MV
24	3D动画
25	疾病预防
26	娱乐
27	抗日
28	战役解析
29	催泪
30	常识
31	日常
32	间谍
33	环保
34	社会服务
35	同人
36	和平
37	ACG
38	中成本
39	喜剧片
40	服饰
41	情感
42	高冷
43	警察
44	亲子
45	军事
46	反特
47	明星
48	挑战
49	国产
50	河南卫视
51	法国
52	场景
53	追杀
54	亲子互动
55	冒险
56	内地
57	男孩喜欢
58	探索
59	婴幼儿
60	艺术
61	热血
62	探险
63	震撼
64	威尼斯电影节
65	空军
66	比赛
67	邻边
68	老电影
69	单曲现场
70	聪明
71	家庭
72	节目
73	救援
74	悲剧
75	器械锻炼
76	特工
77	学龄前
78	英国电影和电视艺术学院奖
79	18岁以上
80	台海
81	熊
82	相亲
83	综艺
84	米兰
85	女性
86	都市
87	国际
88	悬疑
89	盗窃
90	益智
91	轻松
92	系列剧
93	社会问题
94	家园
95	教育
96	儿歌
97	友情
98	历史
99	四季
100	习惯养成
101	特别版
102	谍战
103	国语
104	可爱
105	萌系
106	热点
107	黑白电影
108	善良
109	电影
110	社会
111	残酷
112	流行
113	动作片
114	按摩
115	服装
116	冒险片
117	剧情片
118	卧底
119	日本
120	跳舞
121	怀旧
122	厨艺妙招
123	侦探
124	民生
125	孤独
126	乡村
127	14-17岁
128	新闻
129	暧昧
130	勇敢
131	枪战
132	合家欢
133	幽默
134	爱情
135	人物
136	纯爱
137	亲民
138	原著
139	0-3岁
140	草根
141	7-10岁
142	演员
143	人民
144	欢乐
145	煽情
146	男性
147	女孩喜欢
148	年代戏
149	红色经典
150	哲理
151	亲情
152	心脑保健
153	秋冬
154	唱歌
155	广告大片
156	经典
157	TV版
158	贺岁档
159	课堂
160	音乐周边
161	知识问答
162	当代
163	日韩
164	机智
165	童话
166	剧情
167	大陆
168	斗争
169	朋友
170	巴黎
171	儿童
172	道德
173	竞技
174	灰姑娘
175	动漫
176	宗教
177	八卦
178	常见病
179	黑人
180	科技
181	野外生存
182	海军
183	文艺
184	大盗
185	宣传片
186	蠢贼
187	战争片
188	动作
189	美国
190	搞笑
191	恐怖片
192	神职人员
193	生活
194	奋斗
195	森林
196	4-6岁
